Herr/Frau;Titel;Vorname;Name;Land;Fraktion;Mailadresse
;;Mika;AALTOLA;Finnland;der Europäischen Volkspartei (Christdemokraten);mika.aaltola@europarl.europa.eu
;;Maravillas;ABADÍA JOVER;Spanien;der Europäischen Volkspartei (Christdemokraten);maravillas.abadiajover@europarl.europa.eu
;;Magdalena;ADAMOWICZ;Polen;der Europäischen Volkspartei (Christdemokraten);magdalena.adamowicz@europarl.europa.eu
;;Georgios;AFTIAS;Griechenland;der Europäischen Volkspartei (Christdemokraten);georgios.aftias@europarl.europa.eu
;;Oihane;AGIRREGOITIA MARTÍNEZ;Spanien;Renew Europe;oihane.agirregoitiamartinez@europarl.europa.eu
;;Peter;AGIUS;Malta;der Europäischen Volkspartei (Christdemokraten);peter.agius@europarl.europa.eu
;;Alex;AGIUS SALIBA;Malta;der Progressiven Allianz der Sozialdemokraten im Europäischen Parlament;alex.agiussaliba@europarl.europa.eu
;;Galato;ALEXANDRAKI;Griechenland;der Europäischen Konservativen und Reformer;galato.alexandraki@europarl.europa.eu
;;Grégory;ALLIONE;Frankreich;Renew Europe;gregory.allione@europarl.europa.eu
;;Abir;AL-SAHLANI;Schweden;Renew Europe;abir.alsahlani@europarl.europa.eu
;;Nikolaos;ANADIOTIS;Griechenland;Fraktionslos;nikolaos.anadiotis@europarl.europa.eu
;;Christine;ANDERSON;Deutschland;Europa der Souveränen Nationen;christine.anderson@europarl.europa.eu
;;Li;ANDERSSON;Finnland;Die Linke im Europäischen Parlament - GUE/NGL;li.andersson@europarl.europa.eu
;;Rasmus;ANDRESEN;Deutschland;der Grünen / Freie Europäische Allianz;rasmus.andresen@europarl.europa.eu
;;Barry;ANDREWS;Irland;Renew Europe;barry.andrews@europarl.europa.eu
;;Mieke;ANDRIESE;Niederlande;Patrioten für Europa;mieke.andriese@europarl.europa.eu
;;Vytenis Povilas;ANDRIUKAITIS;Litauen;der Progressiven Allianz der Sozialdemokraten im Europäischen Parlament;vytenispovilas.andriukaitis@europarl.europa.eu
;;Mathilde;ANDROUËT;Frankreich;Patrioten für Europa;mathilde.androuet@europarl.europa.eu
;;Marc;ANGEL;Luxemburg;der Progressiven Allianz der Sozialdemokraten im Europäischen Parlament;marc.angel@europarl.europa.eu
;;Gerolf;ANNEMANS;Belgien;Patrioten für Europa;gerolf.annemans@europarl.europa.eu
;;Lucia;ANNUNZIATA;Italien;der Progressiven Allianz der Sozialdemokraten im Europäischen Parlament;lucia.annunziata@europarl.europa.eu
;;Giuseppe;ANTOCI;Italien;Die Linke im Europäischen Parlament - GUE/NGL;giuseppe.antoci@europarl.europa.eu
;;Pablo;ARIAS ECHEVERRÍA;Spanien;der Europäischen Volkspartei (Christdemokraten);pablo.ariasecheverria@europarl.europa.eu
;;Pascal;ARIMONT;Belgien;der Europäischen Volkspartei (Christdemokraten);pascal.arimont@europarl.europa.eu
;;Bartosz;ARŁUKOWICZ;Polen;der Europäischen Volkspartei (Christdemokraten);bartosz.arlukowicz@europarl.europa.eu
;;Sakis;ARNAOUTOGLOU;Griechenland;der Progressiven Allianz der Sozialdemokraten im Europäischen Parlament;sakis.arnaoutoglou@europarl.europa.eu
;;Anja;ARNDT;Deutschland;Europa der Souveränen Nationen;anja.arndt@europarl.europa.eu
;;Konstantinos;ARVANITIS;Griechenland;Die Linke im Europäischen Parlament - GUE/NGL;konstantinos.arvanitis@europarl.europa.eu
;;Jaume;ASENS LLODRÀ;Spanien;der Grünen / Freie Europäische Allianz;jaume.asensllodra@europarl.europa.eu
;;Francisco;ASSIS;Portugal;der Progressiven Allianz der Sozialdemokraten im Europäischen Parlament;francisco.assis@europarl.europa.eu
;;Daniel;ATTARD;Malta;der Progressiven Allianz der Sozialdemokraten im Europäischen Parlament;daniel.attard@europarl.europa.eu
;;Manon;AUBRY;Frankreich;Die Linke im Europäischen Parlament - GUE/NGL;manon.aubry@europarl.europa.eu
;;René;AUST;Deutschland;Europa der Souveränen Nationen;rene.aust@europarl.europa.eu
;;Petras;AUŠTREVIČIUS;Litauen;Renew Europe;petras.austrevicius@europarl.europa.eu
;;Adrian-George;AXINIA;Rumänien;der Europäischen Konservativen und Reformer;adrian-george.axinia@europarl.europa.eu
;;Malik;AZMANI;Niederlande;Renew Europe;malik.azmani@europarl.europa.eu
;;Thomas;BAJADA;Malta;der Progressiven Allianz der Sozialdemokraten im Europäischen Parlament;thomas.bajada@europarl.europa.eu
;;Jeannette;BALJEU;Niederlande;Renew Europe;jeannette.baljeu@europarl.europa.eu
;;Laura;BALLARÍN CEREZA;Spanien;der Progressiven Allianz der Sozialdemokraten im Europäischen Parlament;laura.ballarincereza@europarl.europa.eu
;;Jordan;BARDELLA;Frankreich;Patrioten für Europa;jordan.bardella@europarl.europa.eu
;;Katarina;BARLEY;Deutschland;der Progressiven Allianz der Sozialdemokraten im Europäischen Parlament;katarina.barley@europarl.europa.eu
;;Dan;BARNA;Rumänien;Renew Europe;dan.barna@europarl.europa.eu
;;Pernando;BARRENA ARZA;Spanien;Die Linke im Europäischen Parlament - GUE/NGL;pernando.barrenaarza@europarl.europa.eu
;;Stephen Nikola;BARTULICA;Kroatien;der Europäischen Konservativen und Reformer;stephennikola.bartulica@europarl.europa.eu
;;Nikola;BARTŮŠEK;Tschechien;Patrioten für Europa;nikola.bartusek@europarl.europa.eu
;;Arno;BAUSEMER;Deutschland;Europa der Souveränen Nationen;arno.bausemer@europarl.europa.eu
;;Nicolas;BAY;Frankreich;der Europäischen Konservativen und Reformer;nicolas.bay@europarl.europa.eu
;;Christophe;BAY;Frankreich;Patrioten für Europa;christophe.bay@europarl.europa.eu
;;Wouter;BEKE;Belgien;der Europäischen Volkspartei (Christdemokraten);wouter.beke@europarl.europa.eu
;;Fredis;BELERIS;Griechenland;der Europäischen Volkspartei (Christdemokraten);fredis.beleris@europarl.europa.eu
;;François-Xavier;BELLAMY;Frankreich;der Europäischen Volkspartei (Christdemokraten);francois-xavier.bellamy@europarl.europa.eu
;;Dragoş;BENEA;Rumänien;der Progressiven Allianz der Sozialdemokraten im Europäischen Parlament;dragos.benea@europarl.europa.eu
;;Brando;BENIFEI;Italien;der Progressiven Allianz der Sozialdemokraten im Europäischen Parlament;brando.benifei@europarl.europa.eu
;;Isabel;BENJUMEA BENJUMEA;Spanien;der Europäischen Volkspartei (Christdemokraten);isabel.benjumeabenjumea@europarl.europa.eu
;;Monika;BEŇOVÁ;Slowakei;Fraktionslos;monika.benova@europarl.europa.eu
;;Hildegard;BENTELE;Deutschland;der Europäischen Volkspartei (Christdemokraten);hildegard.bentele@europarl.europa.eu
;;Tom;BERENDSEN;Niederlande;der Europäischen Volkspartei (Christdemokraten);tom.berendsen@europarl.europa.eu
;;Stefan;BERGER;Deutschland;der Europäischen Volkspartei (Christdemokraten);stefan.berger@europarl.europa.eu
;;Sibylle;BERG;Deutschland;Fraktionslos;sibylle.berg@europarl.europa.eu
;;Sergio;BERLATO;Italien;der Europäischen Konservativen und Reformer;sergio.berlato@europarl.europa.eu
;;Alexander;BERNHUBER;Österreich;der Europäischen Volkspartei (Christdemokraten);alexander.bernhuber@europarl.europa.eu
;;Robert;BIEDROŃ;Polen;der Progressiven Allianz der Sozialdemokraten im Europäischen Parlament;robert.biedron@europarl.europa.eu
;;Adam;BIELAN;Polen;der Europäischen Konservativen und Reformer;adam.bielan@europarl.europa.eu
;;Gabriele;BISCHOFF;Deutschland;der Progressiven Allianz der Sozialdemokraten im Europäischen Parlament;gabriele.bischoff@europarl.europa.eu
;;Ľuboš;BLAHA;Slowakei;Fraktionslos;lubos.blaha@europarl.europa.eu
;;Vilija;BLINKEVIČIŪTĖ;Litauen;der Progressiven Allianz der Sozialdemokraten im Europäischen Parlament;vilija.blinkeviciute@europarl.europa.eu
;;Rachel;BLOM;Niederlande;Patrioten für Europa;rachel.blom@europarl.europa.eu
;;Michael;BLOSS;Deutschland;der Grünen / Freie Europäische Allianz;michael.bloss@europarl.europa.eu
;;Tobiasz;BOCHEŃSKI;Polen;der Europäischen Konservativen und Reformer;tobiasz.bochenski@europarl.europa.eu
;;Damian;BOESELAGER;Deutschland;der Grünen / Freie Europäische Allianz;damian.boeselager@europarl.europa.eu
;;Ioan-Rareş;BOGDAN;Rumänien;der Europäischen Volkspartei (Christdemokraten);ioan-rares.bogdan@europarl.europa.eu
;;Stefano;BONACCINI;Italien;der Progressiven Allianz der Sozialdemokraten im Europäischen Parlament;stefano.bonaccini@europarl.europa.eu
;;Barbara;BONTE;Belgien;Patrioten für Europa;barbara.bonte@europarl.europa.eu
;;Paolo;BORCHIA;Italien;Patrioten für Europa;paolo.borchia@europarl.europa.eu
;;Mireia;BORRÁS PABÓN;Spanien;Patrioten für Europa;mireia.borraspabon@europarl.europa.eu
;;Zsuzsanna;BORVENDÉG;Ungarn;Europa der Souveränen Nationen;zsuzsanna.borvendeg@europarl.europa.eu
;;Biljana;BORZAN;Kroatien;der Progressiven Allianz der Sozialdemokraten im Europäischen Parlament;biljana.borzan@europarl.europa.eu
;;Gordan;BOSANAC;Kroatien;der Grünen / Freie Europäische Allianz;gordan.bosanac@europarl.europa.eu
;;Irmhild;BODORF;Deutschland;Europa der Souveränen Nationen;irmhild.bodorf@europarl.europa.eu
;;Stine;BOSSE;Dänemark;Renew Europe;stine.bosse@europarl.europa.eu
;;Marc;BOTENGA;Belgien;Die Linke im Europäischen Parlament - GUE/NGL;marc.botenga@europarl.europa.eu
;;Gilles;BOYER;Frankreich;Renew Europe;gilles.boyer@europarl.europa.eu
;;Lynn;BOYLAN;Irland;Die Linke im Europäischen Parlament - GUE/NGL;lynn.boylan@europarl.europa.eu
;;Helmut;BRANDSTÄTTER;Österreich;Renew Europe;helmut.brandstatter@europarl.europa.eu
;;Marie-Luce;BRASIER-CLAIN;Frankreich;Patrioten für Europa;marie-luce.brasierclain@europarl.europa.eu
;;Grzegorz;BRAUN;Polen;Fraktionslos;grzegorz.braun@europarl.europa.eu
;;Krzysztof;BREJZA;Polen;der Europäischen Volkspartei (Christdemokraten);krzysztof.brejza@europarl.europa.eu
;;Saskia;BRICMONT;Belgien;der Grünen / Freie Europäische Allianz;saskia.bricmont@europarl.europa.eu
;;Nikolina;BRNJAC;Kroatien;der Europäischen Volkspartei (Christdemokraten);nikolina.brnjac@europarl.europa.eu
;;Joachim Stanisław;BRUDZIŃSKI;Polen;der Europäischen Konservativen und Reformer;joachimstanislaw.brudzinski@europarl.europa.eu
;;Anna;BRYŁKA;Polen;Patrioten für Europa;anna.brylka@europarl.europa.eu
;;Markus;BUCHHEIT;Deutschland;Europa der Souveränen Nationen;markus.buchheit@europarl.europa.eu
;;Tomasz;BUCZEK;Polen;Patrioten für Europa;tomasz.buczek@europarl.europa.eu
;;Daniel;BUDA;Rumänien;der Europäischen Volkspartei (Christdemokraten);daniel.buda@europarl.europa.eu
;;Waldemar;BUDA;Polen;der Europäischen Konservativen und Reformer;waldemar.buda@europarl.europa.eu
;;Borys;BUDKA;Polen;der Europäischen Volkspartei (Christdemokraten);borys.budka@europarl.europa.eu
;;Sebastião;BUGALHO;Portugal;der Europäischen Volkspartei (Christdemokraten);sebastiao.bugalho@europarl.europa.eu
;;Andrzej;BUŁA;Polen;der Europäischen Volkspartei (Christdemokraten);andrzej.bula@europarl.europa.eu
;;Udo;BULLMANN;Deutschland;der Progressiven Allianz der Sozialdemokraten im Europäischen Parlament;udo.bullmann@europarl.europa.eu
;;Delara;BURKHARDT;Deutschland;der Progressiven Allianz der Sozialdemokraten im Europäischen Parlament;delara.burkhardt@europarl.europa.eu
;;Jorge;BUXADÉ VILLALBA;Spanien;Patrioten für Europa;jorge.buxadevillalba@europarl.europa.eu
;;Petr;BYSTRON;Deutschland;Europa der Souveränen Nationen;petr.bystron@europarl.europa.eu
;;Jaroslav;BŽOCH;Tschechien;Patrioten für Europa;jaroslav.bzoch@europarl.europa.eu
;;Mélissa;CAMARA;Frankreich;der Grünen / Freie Europäische Allianz;melissa.camara@europarl.europa.eu
;;Pascal;CANFIN;Frankreich;Renew Europe;pascal.canfin@europarl.europa.eu
;;Nina;CARBERRY;Irland;der Europäischen Volkspartei (Christdemokraten);nina.carberry@europarl.europa.eu
;;Gheorghe;CÂRCIU;Rumänien;der Progressiven Allianz der Sozialdemokraten im Europäischen Parlament;gheorghe.carciu@europarl.europa.eu
;;Damien;CARÊME;Frankreich;Die Linke im Europäischen Parlament - GUE/NGL;damien.careme@europarl.europa.eu
;;David;CASA;Malta;der Europäischen Volkspartei (Christdemokraten);david.casa@europarl.europa.eu
;;Daniel;CASPARY;Deutschland;der Europäischen Volkspartei (Christdemokraten);daniel.caspary@europarl.europa.eu
;;Benoit;CASSART;Belgien;Renew Europe;benoit.cassart@europarl.europa.eu
;;Laurent;CASTILLO;Frankreich;der Europäischen Volkspartei (Christdemokraten);laurent.castillo@europarl.europa.eu
;;Pilar;DEL CASTILLO VERA;Spanien;der Europäischen Volkspartei (Christdemokraten);pilar.delcastillovera@europarl.europa.eu
;;Anna;CAVAZZINI;Deutschland;der Grünen / Freie Europäische Allianz;anna.cavazzini@europarl.europa.eu
;;Stefano;CAVEDAGNA;Italien;der Europäischen Konservativen und Reformer;stefano.cavedagna@europarl.europa.eu
;;Susanna;CECCARDI;Italien;Patrioten für Europa;susanna.ceccardi@europarl.europa.eu
;;José;CEPEDA;Spanien;der Progressiven Allianz der Sozialdemokraten im Europäischen Parlament;jose.cepeda@europarl.europa.eu
;;Estelle;CEULEMANS;Belgien;der Progressiven Allianz der Sozialdemokraten im Europäischen Parlament;estelle.ceulemans@europarl.europa.eu
;;Mohammed;CHAHIM;Niederlande;der Progressiven Allianz der Sozialdemokraten im Europäischen Parlament;mohammed.chahim@europarl.europa.eu
;;Leila;CHAIBI;Frankreich;Die Linke im Europäischen Parlament - GUE/NGL;leila.chaibi@europarl.europa.eu
;;Olivier;CHASTEL;Belgien;Renew Europe;olivier.chastel@europarl.europa.eu
;;Caterina;CHINNICI;Italien;der Europäischen Volkspartei (Christdemokraten);caterina.chinnici@europarl.europa.eu
;;Asger;CHRISTENSEN;Dänemark;Renew Europe;asger.christensen@europarl.europa.eu
;;Carlo;CICCIOLI;Italien;der Europäischen Konservativen und Reformer;carlo.ciccioli@europarl.europa.eu
;;Veronika;CIFROVÁ OSTRIHOŇOVÁ;Slowakei;Renew Europe;veronika.cifrovaostrihonova@europarl.europa.eu
;;Alessandro;CIRIANI;Italien;der Europäischen Konservativen und Reformer;alessandro.ciriani@europarl.europa.eu
;;Anna Maria;CISINT;Italien;Patrioten für Europa;annamaria.cisint@europarl.europa.eu
;;Per;CLAUSEN;Dänemark;Die Linke im Europäischen Parlament - GUE/NGL;per.clausen@europarl.europa.eu
;;Christophe;CLERGEAU;Frankreich;der Progressiven Allianz der Sozialdemokraten im Europäischen Parlament;christophe.clergeau@europarl.europa.eu
;;David;CORMAND;Frankreich;der Grünen / Freie Europäische Allianz;david.cormand@europarl.europa.eu
;;Annalisa;CORRADO;Italien;der Progressiven Allianz der Sozialdemokraten im Europäischen Parlament;annalisa.corrado@europarl.europa.eu
;;Vivien;COSTANZO;Deutschland;der Progressiven Allianz der Sozialdemokraten im Europäischen Parlament;vivien.costanzo@europarl.europa.eu
;;João;COTRIM DE FIGUEIREDO;Portugal;Renew Europe;joao.cotrimdefigueiredo@europarl.europa.eu
;;Barry;COWEN;Irland;Renew Europe;barry.cowen@europarl.europa.eu
;;Tobias;CREMER;Deutschland;der Progressiven Allianz der Sozialdemokraten im Europäischen Parlament;tobias.cremer@europarl.europa.eu
;;Carmen;CRESPO DÍAZ;Spanien;der Europäischen Volkspartei (Christdemokraten);carmen.crespodiaz@europarl.europa.eu
;;Andi;CRISTEA;Rumänien;der Progressiven Allianz der Sozialdemokraten im Europäischen Parlament;andi.cristea@europarl.europa.eu
;;Giovanni;CROSETTO;Italien;der Europäischen Konservativen und Reformer;giovanni.crosetto@europarl.europa.eu
;;Paulo;CUNHA;Portugal;der Europäischen Volkspartei (Christdemokraten);paulo.cunha@europarl.europa.eu
;;Henrik;DAHL;Dänemark;der Europäischen Volkspartei (Christdemokraten);henrik.dahl@europarl.europa.eu
;;Johan;DANIELSSON;Schweden;der Progressiven Allianz der Sozialdemokraten im Europäischen Parlament;johan.danielsson@europarl.europa.eu
;;Marie;DAUCHY;Frankreich;Patrioten für Europa;marie.dauchy@europarl.europa.eu
;;Dóra;DÁVID;Ungarn;der Europäischen Volkspartei (Christdemokraten);dora.david@europarl.europa.eu
;;Ivan;DAVID;Tschechien;Europa der Souveränen Nationen;ivan.david@europarl.europa.eu
;;Antonio;DECARO;Italien;der Progressiven Allianz der Sozialdemokraten im Europäischen Parlament;antonio.decaro@europarl.europa.eu
;;Jérémy;DECERLE;Frankreich;Renew Europe;jeremy.decerle@europarl.europa.eu
;;Raúl;DE LA HOZ QUINTANO;Spanien;der Europäischen Volkspartei (Christdemokraten);raul.delahozquintano@europarl.europa.eu
;;Danilo;DELLA VALLE;Italien;Die Linke im Europäischen Parlament - GUE/NGL;danilo.dellavalle@europarl.europa.eu
;;Valérie;DELOGE;Frankreich;Patrioten für Europa;valerie.deloge@europarl.europa.eu
;;Fabio;DE MASI;Deutschland;Fraktionslos;fabio.demasi@europarl.europa.eu
;;Salvatore;DE MEO;Italien;der Europäischen Volkspartei (Christdemokraten);salvatore.demeo@europarl.europa.eu
;;Özlem;DEMIREL;Deutschland;Die Linke im Europäischen Parlament - GUE/NGL;ozlem.demirel@europarl.europa.eu
;;Tamás;DEUTSCH;Ungarn;Patrioten für Europa;tamas.deutsch@europarl.europa.eu
;;Valérie;DEVAUX;Frankreich;Renew Europe;valerie.devaux@europarl.europa.eu
;;Adnan;DIBRANI;Schweden;der Progressiven Allianz der Sozialdemokraten im Europäischen Parlament;adnan.dibrani@europarl.europa.eu
;;Ton;DIEPEVEEN;Niederlande;Patrioten für Europa;ton.diepeveen@europarl.europa.eu
;;Elisabeth;DIERINGER;Österreich;Patrioten für Europa;elisabeth.dieringer@europarl.europa.eu
;;Vasile;DÎNCU;Rumänien;der Progressiven Allianz der Sozialdemokraten im Europäischen Parlament;vasile.dincu@europarl.europa.eu
;;Elio;DI RUPO;Belgien;der Progressiven Allianz der Sozialdemokraten im Europäischen Parlament;elio.dirupo@europarl.europa.eu
;;Mélanie;DISDIER;Frankreich;Patrioten für Europa;melanie.disdier@europarl.europa.eu
;;Klára;DOBREV;Ungarn;der Progressiven Allianz der Sozialdemokraten im Europäischen Parlament;klara.dobrev@europarl.europa.eu
;;Regina;DOHERTY;Irland;der Europäischen Volkspartei (Christdemokraten);regina.doherty@europarl.europa.eu
;;Christian;DOLESCHAL;Deutschland;der Europäischen Volkspartei (Christdemokraten);christian.doleschal@europarl.europa.eu
;;Csaba;DÖMÖTÖR;Ungarn;Patrioten für Europa;csaba.domotor@europarl.europa.eu
;;Paulo;DO NASCIMENTO CABRAL;Portugal;der Europäischen Volkspartei (Christdemokraten);paulo.donascimentocabral@europarl.europa.eu
;;Elena;DONAZZAN;Italien;der Europäischen Konservativen und Reformer;elena.donazzan@europarl.europa.eu
;;Herbert;DORFMANN;Italien;der Europäischen Volkspartei (Christdemokraten);herbert.dorfmann@europarl.europa.eu
;;Klara;DOSTALOVA;Tschechien;Patrioten für Europa;klara.dostalova@europarl.europa.eu
;;Ondřej;DOSTÁL;Tschechien;Fraktionslos;ondrej.dostal@europarl.europa.eu
;;Siegbert Frank;DROESE;Deutschland;Europa der Souveränen Nationen;siegbertfrank.droese@europarl.europa.eu
;;Lena;DÜPONT;Deutschland;der Europäischen Volkspartei (Christdemokraten);lena.dupont@europarl.europa.eu
;;Michał;DWORCZYK;Polen;der Europäischen Konservativen und Reformer;michal.dworczyk@europarl.europa.eu
;;Matthias;ECKE;Deutschland;der Progressiven Allianz der Sozialdemokraten im Europäischen Parlament;matthias.ecke@europarl.europa.eu
;;Christian;EHLER;Deutschland;der Europäischen Volkspartei (Christdemokraten);christian.ehler@europarl.europa.eu
;;Marieke;EHLERS;Niederlande;Patrioten für Europa;marieke.ehlers@europarl.europa.eu
;;Bas;EICKHOUT;Niederlande;der Grünen / Freie Europäische Allianz;bas.eickhout@europarl.europa.eu
;;Sofie;ERIKSSON;Schweden;der Progressiven Allianz der Sozialdemokraten im Europäischen Parlament;sofie.eriksson@europarl.europa.eu
;;Dick;ERIXON;Schweden;der Europäischen Konservativen und Reformer;dick.erixon@europarl.europa.eu
;;Engin;EROGLU;Deutschland;Renew Europe;engin.eroglu@europarl.europa.eu
;;Rosa;ESTARÀS FERRAGUT;Spanien;der Europäischen Volkspartei (Christdemokraten);rosa.estarasferragut@europarl.europa.eu
;;Sebastian;EVERDING;Deutschland;Die Linke im Europäischen Parlament - GUE/NGL;sebastian.everding@europarl.europa.eu
;;Alma;EZCURRA ALMANSA;Spanien;der Europäischen Volkspartei (Christdemokraten);alma.ezcurraalmansa@europarl.europa.eu
;;Gheorghe;FALCĂ;Rumänien;der Europäischen Volkspartei (Christdemokraten);gheorghe.falca@europarl.europa.eu
;;Marco;FALCONE;Italien;der Europäischen Volkspartei (Christdemokraten);marco.falcone@europarl.europa.eu
;;Nikolas;FARANTOURIS;Griechenland;Die Linke im Europäischen Parlament - GUE/NGL;nikolas.farantouris@europarl.europa.eu
;;Laurence;FARRENG;Frankreich;Renew Europe;laurence.farreng@europarl.europa.eu
;;Jan;FARSKÝ;Tschechien;der Europäischen Volkspartei (Christdemokraten);jan.farsky@europarl.europa.eu
;;Markus;FERBER;Deutschland;der Europäischen Volkspartei (Christdemokraten);markus.ferber@europarl.europa.eu
;;Viktória;FERENC;Ungarn;Patrioten für Europa;viktoria.ferenc@europarl.europa.eu
;;Jonás;FERNÁNDEZ;Spanien;der Progressiven Allianz der Sozialdemokraten im Europäischen Parlament;jonas.fernandez@europarl.europa.eu
;;Carlo;FIDANZA;Italien;der Europäischen Konservativen und Reformer;carlo.fidanza@europarl.europa.eu
;;Pietro;FIOCCHI;Italien;der Europäischen Konservativen und Reformer;pietro.fiocchi@europarl.europa.eu
;;Gabriela;FIREA;Rumänien;der Progressiven Allianz der Sozialdemokraten im Europäischen Parlament;gabriela.firea@europarl.europa.eu
;;Ruth;FIRMENICH;Deutschland;Fraktionslos;ruth.firmenich@europarl.europa.eu
;;Claire;FITA;Frankreich;der Progressiven Allianz der Sozialdemokraten im Europäischen Parlament;claire.fita@europarl.europa.eu
;;Luke Ming;FLANAGAN;Irland;Die Linke im Europäischen Parlament - GUE/NGL;lukeming.flanagan@europarl.europa.eu
;;Loucas;FOURLAS;Zypern;der Europäischen Volkspartei (Christdemokraten);loucas.fourlas@europarl.europa.eu
;;Emma;FOURREAU;Frankreich;Die Linke im Europäischen Parlament - GUE/NGL;emma.fourreau@europarl.europa.eu
;;Emmanouil;FRAGKOS;Griechenland;der Europäischen Konservativen und Reformer;emmanouil.fragkos@europarl.europa.eu
;;Daniel;FREUND;Deutschland;der Grünen / Freie Europäische Allianz;daniel.freund@europarl.europa.eu
;;Anne-Sophie;FRIGOUT;Frankreich;Patrioten für Europa;anne-sophie.frigout@europarl.europa.eu
;;Sigrid;FRIIS;Dänemark;Renew Europe;sigrid.friis@europarl.europa.eu
;;Heléne;FRITZON;Schweden;der Progressiven Allianz der Sozialdemokraten im Europäischen Parlament;helene.fritzon@europarl.europa.eu
;;Tomasz;FROELICH;Deutschland;Europa der Souveränen Nationen;tomasz.froelich@europarl.europa.eu
;;Niels;FUGLSANG;Dänemark;der Progressiven Allianz der Sozialdemokraten im Europäischen Parlament;niels.fuglsang@europarl.europa.eu
;;Kathleen;FUNCHION;Irland;Die Linke im Europäischen Parlament - GUE/NGL;kathleen.funchion@europarl.europa.eu
;;Angéline;FURET;Frankreich;Patrioten für Europa;angeline.furet@europarl.europa.eu
;;Mario;FURORE;Italien;Die Linke im Europäischen Parlament - GUE/NGL;mario.furore@europarl.europa.eu
;;Michael;GAHLER;Deutschland;der Europäischen Volkspartei (Christdemokraten);michael.gahler@europarl.europa.eu
;;Kinga;GÁL;Ungarn;Patrioten für Europa;kinga.gal@europarl.europa.eu
;;Estrella;GALÁN;Spanien;Die Linke im Europäischen Parlament - GUE/NGL;estrella.galan@europarl.europa.eu
;;Lina;GÁLVEZ;Spanien;der Progressiven Allianz der Sozialdemokraten im Europäischen Parlament;lina.galvez@europarl.europa.eu
;;Alberico;GAMBINO;Italien;der Europäischen Konservativen und Reformer;alberico.gambino@europarl.europa.eu
;;Iratxe;GARCÍA PÉREZ;Spanien;der Progressiven Allianz der Sozialdemokraten im Europäischen Parlament;iratxe.garciaperez@europarl.europa.eu
;;Raquel;GARCÍA HERMIDA-VAN DER WALLE;Niederlande;Renew Europe;raquel.garciahermidavanderwalle@europarl.europa.eu
;;Jean-Paul;GARRAUD;Frankreich;Patrioten für Europa;jean-paul.garraud@europarl.europa.eu
;;Kamila;GASIUK-PIHOWICZ;Polen;der Europäischen Volkspartei (Christdemokraten);kamila.gasiukpihowicz@europarl.europa.eu
;;Geadis;GEADI;Zypern;der Europäischen Konservativen und Reformer;geadis.geadi@europarl.europa.eu
;;Hanna;GEDIN;Schweden;Die Linke im Europäischen Parlament - GUE/NGL;hanna.gedin@europarl.europa.eu
;;Alexandra;GEESE;Deutschland;der Grünen / Freie Europäische Allianz;alexandra.geese@europarl.europa.eu
;;Jens;GEIER;Deutschland;der Progressiven Allianz der Sozialdemokraten im Europäischen Parlament;jens.geier@europarl.europa.eu
;;Thomas;GEISEL;Deutschland;Fraktionslos;thomas.geisel@europarl.europa.eu
;;Chiara;GEMMA;Italien;der Europäischen Konservativen und Reformer;chiara.gemma@europarl.europa.eu
;;Giorgos;GEORGIOU;Zypern;Die Linke im Europäischen Parlament - GUE/NGL;giorgos.georgiou@europarl.europa.eu
;;Gerben-Jan;GERBRANDY;Niederlande;Renew Europe;gerben-jan.gerbrandy@europarl.europa.eu
;;Jean-Marc;GERMAIN;Frankreich;der Progressiven Allianz der Sozialdemokraten im Europäischen Parlament;jean-marc.germain@europarl.europa.eu
;;Gabriella;GERZSENYI;Ungarn;der Europäischen Volkspartei (Christdemokraten);gabriella.gerzsenyi@europarl.europa.eu
;;Niels;GEUKING;Deutschland;der Europäischen Volkspartei (Christdemokraten);niels.geuking@europarl.europa.eu
;;Jens;GIESEKE;Deutschland;der Europäischen Volkspartei (Christdemokraten);jens.gieseke@europarl.europa.eu
;;Borja;GIMÉNEZ LARRAZ;Spanien;der Europäischen Volkspartei (Christdemokraten);borja.gimenezlarraz@europarl.europa.eu
;;Juan Carlos;GIRAUTA VIDAL;Spanien;Patrioten für Europa;juancarlos.girautavidal@europarl.europa.eu
;;Sunčana;GLAVAK;Kroatien;der Europäischen Volkspartei (Christdemokraten);suncana.glavak@europarl.europa.eu
;;Andreas;GLÜCK;Deutschland;Renew Europe;andreas.gluck@europarl.europa.eu
;;Raphaël;GLUCKSMANN;Frankreich;der Progressiven Allianz der Sozialdemokraten im Europäischen Parlament;raphael.glucksmann@europarl.europa.eu
;;Charles;GOERENS;Luxemburg;Renew Europe;charles.goerens@europarl.europa.eu
;;Christophe;GOMART;Frankreich;der Europäischen Volkspartei (Christdemokraten);christophe.gomart@europarl.europa.eu
;;Isilda;GOMES;Portugal;der Progressiven Allianz der Sozialdemokraten im Europäischen Parlament;isilda.gomes@europarl.europa.eu
;;Sandra;GÓMEZ LÓPEZ;Spanien;der Progressiven Allianz der Sozialdemokraten im Europäischen Parlament;sandra.gomezlopez@europarl.europa.eu
;;Bruno;GONÇALVES;Portugal;der Progressiven Allianz der Sozialdemokraten im Europäischen Parlament;bruno.goncalves@europarl.europa.eu
;;Sérgio;GONÇALVES;Portugal;der Progressiven Allianz der Sozialdemokraten im Europäischen Parlament;sergio.goncalves@europarl.europa.eu
;;Nicolás;GONZÁLEZ CASARES;Spanien;der Progressiven Allianz der Sozialdemokraten im Europäischen Parlament;nicolas.gonzalezcasares@europarl.europa.eu
;;Esteban;GONZÁLEZ PONS;Spanien;der Europäischen Volkspartei (Christdemokraten);esteban.gonzalezpons@europarl.europa.eu
;;Giorgio;GORI;Italien;der Progressiven Allianz der Sozialdemokraten im Europäischen Parlament;giorgio.gori@europarl.europa.eu
;;Małgorzata;GOSIEWSKA;Polen;der Europäischen Konservativen und Reformer;malgorzata.gosiewska@europarl.europa.eu
;;Dirk;GOTINK;Niederlande;der Europäischen Volkspartei (Christdemokraten);dirk.gotink@europarl.europa.eu
;;Sandro;GOZI;Frankreich;Renew Europe;sandro.gozi@europarl.europa.eu
;;Maria;GRAPINI;Rumänien;der Progressiven Allianz der Sozialdemokraten im Europäischen Parlament;maria.grapini@europarl.europa.eu
;;Petras;GRAŽULIS;Litauen;Europa der Souveränen Nationen;petras.grazulis@europarl.europa.eu
;;Markéta;GREGOROVÁ;Tschechien;der Grünen / Freie Europäische Allianz;marketa.gregorova@europarl.europa.eu
;;Branko;GRIMS;Slowenien;der Europäischen Volkspartei (Christdemokraten);branko.grims@europarl.europa.eu
;;Catherine;GRISET;Frankreich;Patrioten für Europa;catherine.griset@europarl.europa.eu
;;Hanna;GRONKIEWICZ-WALTZ;Polen;der Europäischen Volkspartei (Christdemokraten);hanna.gronkiewiczwaltz@europarl.europa.eu
;;Bart;GROOTHUIS;Niederlande;Renew Europe;bart.groothuis@europarl.europa.eu
;;Elisabeth;GROSSMANN;Österreich;der Progressiven Allianz der Sozialdemokraten im Europäischen Parlament;elisabeth.grossmann@europarl.europa.eu
;;Christophe;GRUDLER;Frankreich;Renew Europe;christophe.grudler@europarl.europa.eu
;;Elisabetta;GUALMINI;Italien;der Progressiven Allianz der Sozialdemokraten im Europäischen Parlament;elisabetta.gualmini@europarl.europa.eu
;;Cristina;GUARDA;Italien;der Grünen / Freie Europäische Allianz;cristina.guarda@europarl.europa.eu
;;Bernard;GUETTA;Frankreich;Renew Europe;bernard.guetta@europarl.europa.eu
;;Martin;GÜNTHER;Deutschland;Die Linke im Europäischen Parlament - GUE/NGL;martin.gunther@europarl.europa.eu
;;Maria;GUZENINA;Finnland;der Progressiven Allianz der Sozialdemokraten im Europäischen Parlament;maria.guzenina@europarl.europa.eu
;;Enikő;GYŐRI;Ungarn;Patrioten für Europa;eniko.gyori@europarl.europa.eu
;;András;GYÜRK;Ungarn;Patrioten für Europa;andras.gyurk@europarl.europa.eu
;;Michalis;HADJIPANTELA;Zypern;der Europäischen Volkspartei (Christdemokraten);michalis.hadjipantela@europarl.europa.eu
;;Svenja;HAHN;Deutschland;Renew Europe;svenja.hahn@europarl.europa.eu
;;Roman;HAIDER;Österreich;Patrioten für Europa;roman.haider@europarl.europa.eu
;;Andrzej;HALICKI;Polen;der Europäischen Volkspartei (Christdemokraten);andrzej.halicki@europarl.europa.eu
;;Niels Flemming;HANSEN;Dänemark;der Europäischen Volkspartei (Christdemokraten);nielsflemming.hansen@europarl.europa.eu
;;Rima;HASSAN;Frankreich;Die Linke im Europäischen Parlament - GUE/NGL;rima.hassan@europarl.europa.eu
;;Gerald;HAUSER;Österreich;Patrioten für Europa;gerald.hauser@europarl.europa.eu
;;Martin;HÄUSLING;Deutschland;der Grünen / Freie Europäische Allianz;martin.hausling@europarl.europa.eu
;;Mircea-Gheorghe;HAVA;Rumänien;der Europäischen Volkspartei (Christdemokraten);mircea-gheorghe.hava@europarl.europa.eu
;;Valérie;HAYER;Frankreich;Renew Europe;valerie.hayer@europarl.europa.eu
;;Anja;HAZEKAMP;Niederlande;Die Linke im Europäischen Parlament - GUE/NGL;anja.hazekamp@europarl.europa.eu
;;Hannes;HEIDE;Österreich;der Progressiven Allianz der Sozialdemokraten im Europäischen Parlament;hannes.heide@europarl.europa.eu
;;Eero;HEINÄLUOMA;Finnland;der Progressiven Allianz der Sozialdemokraten im Europäischen Parlament;eero.heinaluoma@europarl.europa.eu
;;Anna-Maja;HENRIKSSON;Finnland;Renew Europe;anna-maja.henriksson@europarl.europa.eu
;;Niclas;HERBST;Deutschland;der Europäischen Volkspartei (Christdemokraten);niclas.herbst@europarl.europa.eu
;;Esther;HERRANZ GARCÍA;Spanien;der Europäischen Volkspartei (Christdemokraten);esther.herranzgarcia@europarl.europa.eu
;;Krzysztof;HETMAN;Polen;der Europäischen Volkspartei (Christdemokraten);krzysztof.hetman@europarl.europa.eu
;;Monika;HOHLMEIER;Deutschland;der Europäischen Volkspartei (Christdemokraten);monika.hohlmeier@europarl.europa.eu
;;Martin;HOJSÍK;Slowakei;Renew Europe;martin.hojsik@europarl.europa.eu
;;Pär;HOLMGREN;Schweden;der Grünen / Freie Europäische Allianz;par.holmgren@europarl.europa.eu
;;György;HÖLVÉNYI;Ungarn;Patrioten für Europa;gyorgy.holvenyi@europarl.europa.eu
;;Alicia;HOMS GINEL;Spanien;der Progressiven Allianz der Sozialdemokraten im Europäischen Parlament;alicia.homsginel@europarl.europa.eu
;;Sérgio;HUMBERTO;Portugal;der Europäischen Volkspartei (Christdemokraten);sergio.humberto@europarl.europa.eu
;;Ivars;IJABS;Lettland;Renew Europe;ivars.ijabs@europarl.europa.eu
;;Céline;IMART;Frankreich;der Europäischen Volkspartei (Christdemokraten);celine.imart@europarl.europa.eu
;;Evin;INCIR;Schweden;der Progressiven Allianz der Sozialdemokraten im Europäischen Parlament;evin.incir@europarl.europa.eu
;;Paolo;INSELVINI;Italien;der Europäischen Konservativen und Reformer;paolo.inselvini@europarl.europa.eu
;;Diana;IOVANOVICI ŞOŞOACĂ;Rumänien;Fraktionslos;diana.iovanovicisosoaca@europarl.europa.eu
;;Patryk;JAKI;Polen;der Europäischen Konservativen und Reformer;patryk.jaki@europarl.europa.eu
;;Hana;JALLOUL MURO;Spanien;der Progressiven Allianz der Sozialdemokraten im Europäischen Parlament;hana.jalloulmuro@europarl.europa.eu
;;France;JAMET;Frankreich;Patrioten für Europa;france.jamet@europarl.europa.eu
;;Adam;JARUBAS;Polen;der Europäischen Volkspartei (Christdemokraten);adam.jarubas@europarl.europa.eu
;;Romana;JERKOVIĆ;Kroatien;der Progressiven Allianz der Sozialdemokraten im Europäischen Parlament;romana.jerkovic@europarl.europa.eu
;;Marc;JONGEN;Deutschland;Europa der Souveränen Nationen;marc.jongen@europarl.europa.eu
;;Dariusz;JOŃSKI;Polen;der Europäischen Volkspartei (Christdemokraten);dariusz.jonski@europarl.europa.eu
;;Virginie;JORON;Frankreich;Patrioten für Europa;virginie.joron@europarl.europa.eu
;;Pierre;JOUVET;Frankreich;der Progressiven Allianz der Sozialdemokraten im Europäischen Parlament;pierre.jouvet@europarl.europa.eu
;;Irena;JOVEVA;Slowenien;Renew Europe;irena.joveva@europarl.europa.eu
;;Rasa;JUKNEVIČIENĖ;Litauen;der Europäischen Volkspartei (Christdemokraten);rasa.jukneviciene@europarl.europa.eu
;;Nora;JUNCO GARCÍA;Spanien;der Europäischen Konservativen und Reformer;nora.juncogarcia@europarl.europa.eu
;;Alexander;JUNGBLUTH;Deutschland;Europa der Souveränen Nationen;alexander.jungbluth@europarl.europa.eu
;;Taner;KABILOV;Bulgarien;Fraktionslos;taner.kabilov@europarl.europa.eu
;;François;KALFON;Frankreich;der Progressiven Allianz der Sozialdemokraten im Europäischen Parlament;francois.kalfon@europarl.europa.eu
;;Erik;KALIŇÁK;Slowakei;Fraktionslos;erik.kalinak@europarl.europa.eu
;;Marina;KALJURAND;Estland;der Progressiven Allianz der Sozialdemokraten im Europäischen Parlament;marina.kaljurand@europarl.europa.eu
;;Sandra;KALNIETE;Lettland;der Europäischen Volkspartei (Christdemokraten);sandra.kalniete@europarl.europa.eu
;;Mariusz;KAMIŃSKI;Polen;der Europäischen Konservativen und Reformer;mariusz.kaminski@europarl.europa.eu
;;Radan;KANEV;Bulgarien;der Europäischen Volkspartei (Christdemokraten);radan.kanev@europarl.europa.eu
;;Assita;KANKO;Belgien;der Europäischen Konservativen und Reformer;assita.kanko@europarl.europa.eu
;;Karin;KARLSBRO;Schweden;Renew Europe;karin.karlsbro@europarl.europa.eu
;;Fernand;KARTHEISER;Luxemburg;Fraktionslos;fernand.kartheiser@europarl.europa.eu
;;Ľubica;KARVAŠOVÁ;Slowakei;Renew Europe;lubica.karvasova@europarl.europa.eu
;;Elsi;KATAINEN;Finnland;Renew Europe;elsi.katainen@europarl.europa.eu
;;Emmanouil;KEFALOGIANNIS;Griechenland;der Europäischen Volkspartei (Christdemokraten);emmanouil.kefalogiannis@europarl.europa.eu
;;Billy;KELLEHER;Irland;Renew Europe;billy.kelleher@europarl.europa.eu
;;Fabienne;KELLER;Frankreich;Renew Europe;fabienne.keller@europarl.europa.eu
;;Seán;KELLY;Irland;der Europäischen Volkspartei (Christdemokraten);sean.kelly@europarl.europa.eu
;;Martine;KEMP;Luxemburg;der Europäischen Volkspartei (Christdemokraten);martine.kemp@europarl.europa.eu
;;Rudi;KENNES;Belgien;Die Linke im Europäischen Parlament - GUE/NGL;rudi.kennes@europarl.europa.eu
;;Mary;KHAN;Deutschland;Europa der Souveränen Nationen;mary.khan@europarl.europa.eu
;;Sophia;KIRCHER;Österreich;der Europäischen Volkspartei (Christdemokraten);sophia.kircher@europarl.europa.eu
;;Sarah;KNAFO;Frankreich;Europa der Souveränen Nationen;sarah.knafo@europarl.europa.eu
;;Ondřej;KNOTEK;Tschechien;Patrioten für Europa;ondrej.knotek@europarl.europa.eu
;;Jaroslav;KNOT;Tschechien;Patrioten für Europa;jaroslav.knot@europarl.europa.eu
;;Michał;KOBOSKO;Polen;Renew Europe;michal.kobosko@europarl.europa.eu
;;Stefan;KÖHLER;Deutschland;der Europäischen Volkspartei (Christdemokraten);stefan.kohler@europarl.europa.eu
;;Łukasz;KOHUT;Polen;der Europäischen Volkspartei (Christdemokraten);lukasz.kohut@europarl.europa.eu
;;Arba;KOKALARI;Schweden;der Europäischen Volkspartei (Christdemokraten);arba.kokalari@europarl.europa.eu
;;Ondřej;KOLÁŘ;Tschechien;der Europäischen Volkspartei (Christdemokraten);ondrej.kolar@europarl.europa.eu
;;Kinga;KOLLÁR;Ungarn;der Europäischen Volkspartei (Christdemokraten);kinga.kollar@europarl.europa.eu
;;Rihards;KOLS;Lettland;der Europäischen Konservativen und Reformer;rihards.kols@europarl.europa.eu
;;Kateřina;KONEČNÁ;Tschechien;Fraktionslos;katerina.konecna@europarl.europa.eu
;;Ewa;KOPACZ;Polen;der Europäischen Volkspartei (Christdemokraten);ewa.kopacz@europarl.europa.eu
;;Moritz;KÖRNER;Deutschland;Renew Europe;moritz.korner@europarl.europa.eu
;;Elena;KOUNTOURA;Griechenland;Die Linke im Europäischen Parlament - GUE/NGL;elena.kountoura@europarl.europa.eu
;;Andrey;KOVATCHEV;Bulgarien;der Europäischen Volkspartei (Christdemokraten);andrey.kovatchev@europarl.europa.eu
;;Vilis;KRIŠTOPANS;Lettland;Patrioten für Europa;vilis.kristopans@europarl.europa.eu
;;Sebastian;KRUIS;Niederlande;Patrioten für Europa;sebastian.kruis@europarl.europa.eu
;;Ondřej;KRUTÍLEK;Tschechien;der Europäischen Konservativen und Reformer;ondrej.krutilek@europarl.europa.eu
;;Tomáš;KUBÍN;Tschechien;Patrioten für Europa;tomas.kubin@europarl.europa.eu
;;Alice;KUHNKE;Schweden;der Grünen / Freie Europäische Allianz;alice.kuhnke@europarl.europa.eu
;;András Tivadar;KULJA;Ungarn;der Europäischen Volkspartei (Christdemokraten);andrastivadar.kulja@europarl.europa.eu
;;Katri;KULMUNI;Finnland;Renew Europe;katri.kulmuni@europarl.europa.eu
;;Merja;KYLLÖNEN;Finnland;Die Linke im Europäischen Parlament - GUE/NGL;merja.kyllonen@europarl.europa.eu
;;Ilhan;KYUCHYUK;Bulgarien;Renew Europe;ilhan.kyuchyuk@europarl.europa.eu
;;Sergey;LAGODINSKY;Deutschland;der Grünen / Freie Europäische Allianz;sergey.lagodinsky@europarl.europa.eu
;;Eszter;LAKOS;Ungarn;der Europäischen Volkspartei (Christdemokraten);eszter.lakos@europarl.europa.eu
;;Aurore;LALUCQ;Frankreich;der Progressiven Allianz der Sozialdemokraten im Europäischen Parlament;aurore.lalucq@europarl.europa.eu
;;Bernd;LANGE;Deutschland;der Progressiven Allianz der Sozialdemokraten im Europäischen Parlament;bernd.lange@europarl.europa.eu
;;Katrin;LANGENSIEPEN;Deutschland;der Grünen / Freie Europäische Allianz;katrin.langensiepen@europarl.europa.eu
;;Judita;LAŠŠÁKOVÁ;Slowakei;Fraktionslos;judita.lassakova@europarl.europa.eu
;;András;LÁSZLÓ;Ungarn;Patrioten für Europa;andras.laszlo@europarl.europa.eu
;;Afroditi;LATINOPOULOU;Griechenland;Patrioten für Europa;afroditi.latinopoulou@europarl.europa.eu
;;Murielle;LAURENT;Frankreich;der Progressiven Allianz der Sozialdemokraten im Europäischen Parlament;murielle.laurent@europarl.europa.eu
;;Camilla;LAURETI;Italien;der Progressiven Allianz der Sozialdemokraten im Europäischen Parlament;camilla.laureti@europarl.europa.eu
;;Rada;LAYKOVA;Bulgarien;Europa der Souveränen Nationen;rada.laykova@europarl.europa.eu
;;Ilia;LAZAROV;Bulgarien;der Europäischen Volkspartei (Christdemokraten);ilia.lazarov@europarl.europa.eu
;;Luis-Vicențiu;LAZARUS;Rumänien;Fraktionslos;luis-vicentiu.lazarus@europarl.europa.eu
;;Isabelle;LE CALLENNEC;Frankreich;der Europäischen Volkspartei (Christdemokraten);isabelle.lecallennec@europarl.europa.eu
;;Fabrice;LEGGERI;Frankreich;Patrioten für Europa;fabrice.leggeri@europarl.europa.eu
;;Jeroen;LENAERS;Niederlande;der Europäischen Volkspartei (Christdemokraten);jeroen.lenaers@europarl.europa.eu
;;Julien;LEONARDELLI;Frankreich;Patrioten für Europa;julien.leonardelli@europarl.europa.eu
;;Janusz;LEWANDOWSKI;Polen;der Europäischen Volkspartei (Christdemokraten);janusz.lewandowski@europarl.europa.eu
;;Miriam;LEXMANN;Slowakei;der Europäischen Volkspartei (Christdemokraten);miriam.lexmann@europarl.europa.eu
;;Peter;LIESE;Deutschland;der Europäischen Volkspartei (Christdemokraten);peter.liese@europarl.europa.eu
;;Norbert;LINS;Deutschland;der Europäischen Volkspartei (Christdemokraten);norbert.lins@europarl.europa.eu
;;Nathalie;LOISEAU;Frankreich;Renew Europe;nathalie.loiseau@europarl.europa.eu
;;Morten;LØKKEGAARD;Dänemark;Renew Europe;morten.lokkegaard@europarl.europa.eu
;;Reinhold;LOPATKA;Österreich;der Europäischen Volkspartei (Christdemokraten);reinhold.lopatka@europarl.europa.eu
;;Javi;LÓPEZ;Spanien;der Progressiven Allianz der Sozialdemokraten im Europäischen Parlament;javi.lopez@europarl.europa.eu
;;Juan Fernando;LÓPEZ AGUILAR;Spanien;der Progressiven Allianz der Sozialdemokraten im Europäischen Parlament;juanfernando.lopezaguilar@europarl.europa.eu
;;Antonio;LÓPEZ-ISTÚRIZ WHITE;Spanien;der Europäischen Volkspartei (Christdemokraten);antonio.lopezisturizwhite@europarl.europa.eu
;;Isabella;LÖVIN;Schweden;der Grünen / Freie Europäische Allianz;isabella.lovin@europarl.europa.eu
;;Mimmo;LUCANO;Italien;Die Linke im Europäischen Parlament - GUE/NGL;mimmo.lucano@europarl.europa.eu
;;César;LUENA;Spanien;der Progressiven Allianz der Sozialdemokraten im Europäischen Parlament;cesar.luena@europarl.europa.eu
;;Elżbieta Katarzyna;ŁUKACIJEWSKA;Polen;der Europäischen Volkspartei (Christdemokraten);elzbietakatarzyna.lukacijewska@europarl.europa.eu
;;Giuseppe;LUPO;Italien;der Progressiven Allianz der Sozialdemokraten im Europäischen Parlament;giuseppe.lupo@europarl.europa.eu
;;David;MCALLISTER;Deutschland;der Europäischen Volkspartei (Christdemokraten);david.mcallister@europarl.europa.eu
;;Jaak;MADISON;Estland;der Europäischen Konservativen und Reformer;jaak.madison@europarl.europa.eu
;;Cristina;MAESTRE;Spanien;der Progressiven Allianz der Sozialdemokraten im Europäischen Parlament;cristina.maestre@europarl.europa.eu
;;Lara;MAGONI;Italien;der Europäischen Konservativen und Reformer;lara.magoni@europarl.europa.eu
;;Péter;MAGYAR;Ungarn;der Europäischen Volkspartei (Christdemokraten);peter.magyar@europarl.europa.eu
;;Marit;MAIJ;Niederlande;der Progressiven Allianz der Sozialdemokraten im Europäischen Parlament;marit.maij@europarl.europa.eu
;;Marlena;MALĄG;Polen;der Europäischen Konservativen und Reformer;marlena.malag@europarl.europa.eu
;;Claudiu;MANDA;Rumänien;der Progressiven Allianz der Sozialdemokraten im Europäischen Parlament;claudiu.manda@europarl.europa.eu
;;Lukas;MANDL;Österreich;der Europäischen Volkspartei (Christdemokraten);lukas.mandl@europarl.europa.eu
;;Yannis;MANIATIS;Griechenland;der Progressiven Allianz der Sozialdemokraten im Europäischen Parlament;yannis.maniatis@europarl.europa.eu
;;Mario;MANTOVANI;Italien;der Europäischen Konservativen und Reformer;mario.mantovani@europarl.europa.eu
;;Pierfrancesco;MARAN;Italien;der Progressiven Allianz der Sozialdemokraten im Europäischen Parlament;pierfrancesco.maran@europarl.europa.eu
;;Jagna;MARCZUŁAJTIS-WALCZAK;Polen;der Europäischen Volkspartei (Christdemokraten);jagna.marczulajtiswalczak@europarl.europa.eu
;;Marion;MARÉCHAL;Frankreich;der Europäischen Konservativen und Reformer;marion.marechal@europarl.europa.eu
;;Thierry;MARIANI;Frankreich;Patrioten für Europa;thierry.mariani@europarl.europa.eu
;;Ignazio Roberto;MARINO;Italien;der Grünen / Freie Europäische Allianz;ignazioroberto.marino@europarl.europa.eu
;;Erik;MARQUARDT;Deutschland;der Grünen / Freie Europäische Allianz;erik.marquardt@europarl.europa.eu
;;Jorge;MARTÍN FRÍAS;Spanien;Patrioten für Europa;jorge.martinfrias@europarl.europa.eu
;;Catarina;MARTINS;Portugal;Die Linke im Europäischen Parlament - GUE/NGL;catarina.martins@europarl.europa.eu
;;Fulvio;MARTUSCIELLO;Italien;der Europäischen Volkspartei (Christdemokraten);fulvio.martusciello@europarl.europa.eu
;;Vicent;MARZÀ IBÁÑEZ;Spanien;der Grünen / Freie Europäische Allianz;vicent.marzaibanez@europarl.europa.eu
;;Gabriel;MATO;Spanien;der Europäischen Volkspartei (Christdemokraten);gabriel.mato@europarl.europa.eu
;;Sara;MATTHIEU;Belgien;der Grünen / Freie Europäische Allianz;sara.matthieu@europarl.europa.eu
;;Costas;MAVRIDES;Zypern;der Progressiven Allianz der Sozialdemokraten im Europäischen Parlament;costas.mavrides@europarl.europa.eu
;;Eva;MAYDELL;Bulgarien;der Europäischen Volkspartei (Christdemokraten);eva.maydell@europarl.europa.eu
;;Georg;MAYER;Österreich;Patrioten für Europa;georg.mayer@europarl.europa.eu
;;Milan;MAZUREK;Slowakei;Europa der Souveränen Nationen;milan.mazurek@europarl.europa.eu
;;Liudas;MAŽYLIS;Litauen;der Europäischen Volkspartei (Christdemokraten);liudas.mazylis@europarl.europa.eu
;;Michael;MCNAMARA;Irland;Renew Europe;michael.mcnamara@europarl.europa.eu
;;Nora;MEBAREK;Frankreich;der Progressiven Allianz der Sozialdemokraten im Europäischen Parlament;nora.mebarek@europarl.europa.eu
;;Alexandra;MEHNERT;Deutschland;der Europäischen Volkspartei (Christdemokraten);alexandra.mehnert@europarl.europa.eu
;;Vangelis;MEIMARAKIS;Griechenland;der Europäischen Volkspartei (Christdemokraten);vangelis.meimarakis@europarl.europa.eu
;;Eleonora;MELETI;Griechenland;der Europäischen Volkspartei (Christdemokraten);eleonora.meleti@europarl.europa.eu
;;Ana Catarina;MENDES;Portugal;der Progressiven Allianz der Sozialdemokraten im Europäischen Parlament;anacatarina.mendes@europarl.europa.eu
;;Idoia;MENDIA;Spanien;der Progressiven Allianz der Sozialdemokraten im Europäischen Parlament;idoia.mendia@europarl.europa.eu
;;Verena;MERTENS;Deutschland;der Europäischen Volkspartei (Christdemokraten);verena.mertens@europarl.europa.eu
;;Marina;MESURE;Frankreich;Die Linke im Europäischen Parlament - GUE/NGL;marina.mesure@europarl.europa.eu
;;Roberta;METSOLA;Malta;der Europäischen Volkspartei (Christdemokraten);roberta.metsola@europarl.europa.eu
;;Tilly;METZ;Luxemburg;der Grünen / Freie Europäische Allianz;tilly.metz@europarl.europa.eu
;;Sven;MIKSER;Estland;der Progressiven Allianz der Sozialdemokraten im Europäischen Parlament;sven.mikser@europarl.europa.eu
;;Giuseppe;MILAZZO;Italien;der Europäischen Konservativen und Reformer;giuseppe.milazzo@europarl.europa.eu
;;Francisco José;MILLÁN MON;Spanien;der Europäischen Volkspartei (Christdemokraten);franciscojose.millanmon@europarl.europa.eu
;;Nikola;MINCHEV;Bulgarien;Renew Europe;nikola.minchev@europarl.europa.eu
;;Ana;MIRANDA PAZ;Spanien;der Grünen / Freie Europäische Allianz;ana.mirandapaz@europarl.europa.eu
;;Csaba;MOLNÁR;Ungarn;der Progressiven Allianz der Sozialdemokraten im Europäischen Parlament;csaba.molnar@europarl.europa.eu
;;Irene;MONTERO;Spanien;Die Linke im Europäischen Parlament - GUE/NGL;irene.montero@europarl.europa.eu
;;Dolors;MONTSERRAT;Spanien;der Europäischen Volkspartei (Christdemokraten);dolors.montserrat@europarl.europa.eu
;;Carolina;MORACE;Italien;Die Linke im Europäischen Parlament - GUE/NGL;carolina.morace@europarl.europa.eu
;;Nadine;MORANO;Frankreich;der Europäischen Volkspartei (Christdemokraten);nadine.morano@europarl.europa.eu
;;Letizia;MORATTI;Italien;der Europäischen Volkspartei (Christdemokraten);letizia.moratti@europarl.europa.eu
;;Tiago;MOREIRA DE SÁ;Portugal;Patrioten für Europa;tiago.moreiradesa@europarl.europa.eu
;;Javier;MORENO SÁNCHEZ;Spanien;der Progressiven Allianz der Sozialdemokraten im Europäischen Parlament;javier.morenosanchez@europarl.europa.eu
;;Alessandra;MORETTI;Italien;der Progressiven Allianz der Sozialdemokraten im Europäischen Parlament;alessandra.moretti@europarl.europa.eu
;;Dan-Ştefan;MOTREANU;Rumänien;der Europäischen Volkspartei (Christdemokraten);dan-stefan.motreanu@europarl.europa.eu
;;Arkadiusz;MULARCZYK;Polen;der Europäischen Konservativen und Reformer;arkadiusz.mularczyk@europarl.europa.eu
;;Piotr;MÜLLER;Polen;der Europäischen Konservativen und Reformer;piotr.muller@europarl.europa.eu
;;Ciaran;MULLOOLY;Irland;Renew Europe;ciaran.mullooly@europarl.europa.eu
;;Siegfried;MUREŞAN;Rumänien;der Europäischen Volkspartei (Christdemokraten);siegfried.muresan@europarl.europa.eu
;;Ştefan;MUŞOIU;Rumänien;der Progressiven Allianz der Sozialdemokraten im Europäischen Parlament;stefan.musoiu@europarl.europa.eu
;;Jana;NAGYOVÁ;Tschechien;Patrioten für Europa;jana.nagyova@europarl.europa.eu
;;Dario;NARDELLA;Italien;der Progressiven Allianz der Sozialdemokraten im Europäischen Parlament;dario.nardella@europarl.europa.eu
;;Fernando;NAVARRETE ROJAS;Spanien;der Europäischen Volkspartei (Christdemokraten);fernando.navarreterojas@europarl.europa.eu
;;Victor;NEGRESCU;Rumänien;der Progressiven Allianz der Sozialdemokraten im Europäischen Parlament;victor.negrescu@europarl.europa.eu
;;Matjaž;NEMEC;Slowenien;der Progressiven Allianz der Sozialdemokraten im Europäischen Parlament;matjaz.nemec@europarl.europa.eu
;;Danuše;NERUDOVÁ;Tschechien;der Europäischen Volkspartei (Christdemokraten);danuse.nerudova@europarl.europa.eu
;;Denis;NESCI;Italien;der Europäischen Konservativen und Reformer;denis.nesci@europarl.europa.eu
;;Hans;NEUHOFF;Deutschland;Europa der Souveränen Nationen;hans.neuhoff@europarl.europa.eu
;;Hannah;NEUMANN;Deutschland;der Grünen / Freie Europäische Allianz;hannah.neumann@europarl.europa.eu
;;Elena;NEVADO DEL CAMPO;Spanien;der Europäischen Volkspartei (Christdemokraten);elena.nevadodelcampo@europarl.europa.eu
;;Dan;NICA;Rumänien;der Progressiven Allianz der Sozialdemokraten im Europäischen Parlament;dan.nica@europarl.europa.eu
;;Angelika;NIEBLER;Deutschland;der Europäischen Volkspartei (Christdemokraten);angelika.niebler@europarl.europa.eu
;;Luděk;NIEDERMAYER;Tschechien;der Europäischen Volkspartei (Christdemokraten);ludek.niedermayer@europarl.europa.eu
;;Ville;NIINISTÖ;Finnland;der Grünen / Freie Europäische Allianz;ville.niinisto@europarl.europa.eu
;;Lefteris;NIKOLAOU-ALAVANOS;Griechenland;Fraktionslos;lefteris.nikolaoualavanos@europarl.europa.eu
;;Aleksandar;NIKOLIC;Frankreich;Patrioten für Europa;aleksandar.nikolic@europarl.europa.eu
;;Cynthia;NÍ MHURCHÚ;Irland;Renew Europe;cynthia.nimhurchu@europarl.europa.eu
;;Maria;NOICHL;Deutschland;der Progressiven Allianz der Sozialdemokraten im Europäischen Parlament;maria.noichl@europarl.europa.eu
;;Rasmus;NORDQVIST;Dänemark;der Grünen / Freie Europäische Allianz;rasmus.nordqvist@europarl.europa.eu
;;Andrey;NOVAKOV;Bulgarien;der Europäischen Volkspartei (Christdemokraten);andrey.novakov@europarl.europa.eu
;;Mirosława;NYKIEL;Polen;der Europäischen Volkspartei (Christdemokraten);miroslawa.nykiel@europarl.europa.eu
;;Daniel;OBAJTEK;Polen;der Europäischen Konservativen und Reformer;daniel.obajtek@europarl.europa.eu
;;Ľudovít;ÓDOR;Slowakei;Renew Europe;ludovit.odor@europarl.europa.eu
;;Jan-Christoph;OETJEN;Deutschland;Renew Europe;jan-christoph.oetjen@europarl.europa.eu
;;Maria;OHISALO;Finnland;der Grünen / Freie Europäische Allianz;maria.ohisalo@europarl.europa.eu
;;João;OLIVEIRA;Portugal;Die Linke im Europäischen Parlament - GUE/NGL;joao.oliveira@europarl.europa.eu
;;Philippe;OLIVIER;Frankreich;Patrioten für Europa;philippe.olivier@europarl.europa.eu
;;Younous;OMARJEE;Frankreich;Die Linke im Europäischen Parlament - GUE/NGL;younous.omarjee@europarl.europa.eu
;;Branislav;ONDRUŠ;Slowakei;Fraktionslos;branislav.ondrus@europarl.europa.eu
;;Aodhán;Ó RÍORDÁIN;Irland;der Progressiven Allianz der Sozialdemokraten im Europäischen Parlament;aodhan.oriordain@europarl.europa.eu
;;Leoluca;ORLANDO;Italien;der Grünen / Freie Europäische Allianz;leoluca.orlando@europarl.europa.eu
;;Jacek;OZDOBA;Polen;der Europäischen Konservativen und Reformer;jacek.ozdoba@europarl.europa.eu
;;Urmas;PAET;Estland;Renew Europe;urmas.paet@europarl.europa.eu
;;Leire;PAJÍN;Spanien;der Progressiven Allianz der Sozialdemokraten im Europäischen Parlament;leire.pajin@europarl.europa.eu
;;Valentina;PALMISANO;Italien;Die Linke im Europäischen Parlament - GUE/NGL;valentina.palmisano@europarl.europa.eu
;;Fidias;PANAYIOTOU;Zypern;Fraktionslos;fidias.panayiotou@europarl.europa.eu
;;Kostas;PAPADAKIS;Griechenland;Fraktionslos;kostas.papadakis@europarl.europa.eu
;;Nikos;PAPANDREOU;Griechenland;der Progressiven Allianz der Sozialdemokraten im Europäischen Parlament;nikos.papandreou@europarl.europa.eu
;;Nikos;PAPPAS;Griechenland;Die Linke im Europäischen Parlament - GUE/NGL;nikos.pappas@europarl.europa.eu
;;Nicolás;PASCUAL DE LA PARTE;Spanien;der Europäischen Volkspartei (Christdemokraten);nicolas.pascualdelaparte@europarl.europa.eu
;;Aldo;PATRICIELLO;Italien;Patrioten für Europa;aldo.patriciello@europarl.europa.eu
;;Jutta;PAULUS;Deutschland;der Grünen / Freie Europäische Allianz;jutta.paulus@europarl.europa.eu
;;Ana Miguel;PEDRO;Portugal;der Europäischen Volkspartei (Christdemokraten);anamiguel.pedro@europarl.europa.eu
;;Gaetano;PEDULLA';Italien;Die Linke im Europäischen Parlament - GUE/NGL;gaetano.pedulla'@europarl.europa.eu
;;Thomas;PELLERIN-CARLIN;Frankreich;der Progressiven Allianz der Sozialdemokraten im Europäischen Parlament;thomas.pellerincarlin@europarl.europa.eu
;;Guillaume;PELTIER;Frankreich;der Europäischen Konservativen und Reformer;guillaume.peltier@europarl.europa.eu
;;Tsvetelina;PENKOVA;Bulgarien;der Progressiven Allianz der Sozialdemokraten im Europäischen Parlament;tsvetelina.penkova@europarl.europa.eu
;;Gilles;PENNELLE;Frankreich;Patrioten für Europa;gilles.pennelle@europarl.europa.eu
;;Lídia;PEREIRA;Portugal;der Europäischen Volkspartei (Christdemokraten);lidia.pereira@europarl.europa.eu
;;Alvise;PÉREZ;Spanien;Fraktionslos;alvise.perez@europarl.europa.eu
;;Kira Marie;PETER-HANSEN;Dänemark;der Grünen / Freie Europäische Allianz;kiramarie.peterhansen@europarl.europa.eu
;;Hristo;PETROV;Bulgarien;Renew Europe;hristo.petrov@europarl.europa.eu
;;Michele;PICARO;Italien;der Europäischen Konservativen und Reformer;michele.picaro@europarl.europa.eu
;;Pina;PICIERNO;Italien;der Progressiven Allianz der Sozialdemokraten im Europäischen Parlament;pina.picierno@europarl.europa.eu
;;Tonino;PICULA;Kroatien;der Progressiven Allianz der Sozialdemokraten im Europäischen Parlament;tonino.picula@europarl.europa.eu
;;Pascale;PIERA;Frankreich;Patrioten für Europa;pascale.piera@europarl.europa.eu
;;Sirpa;PIETIKÄINEN;Finnland;der Europäischen Volkspartei (Christdemokraten);sirpa.pietikainen@europarl.europa.eu
;;Pierre;PIMPIE;Frankreich;Patrioten für Europa;pierre.pimpie@europarl.europa.eu
;;Gheorghe;PIPEREA;Rumänien;der Europäischen Konservativen und Reformer;gheorghe.piperea@europarl.europa.eu
;;Margarita;DE LA PISA CARRIÓN;Spanien;Patrioten für Europa;margarita.delapisacarrion@europarl.europa.eu
;;Jaroslava;POKORNÁ JERMANOVÁ;Tschechien;Patrioten für Europa;jaroslava.pokornajermanova@europarl.europa.eu
;;Daniele;POLATO;Italien;der Europäischen Konservativen und Reformer;daniele.polato@europarl.europa.eu
;;Jessica;POLFJÄRD;Schweden;der Europäischen Volkspartei (Christdemokraten);jessica.polfjard@europarl.europa.eu
;;Virgil-Daniel;POPESCU;Rumänien;der Europäischen Volkspartei (Christdemokraten);virgil-daniel.popescu@europarl.europa.eu
;;Reinis;POZŅAKS;Lettland;der Europäischen Konservativen und Reformer;reinis.poznaks@europarl.europa.eu
;;Vladimir;PREBILIČ;Slowenien;der Grünen / Freie Europäische Allianz;vladimir.prebilic@europarl.europa.eu
;;Giusi;PRINCI;Italien;der Europäischen Volkspartei (Christdemokraten);giusi.princi@europarl.europa.eu
;;Nicola;PROCACCINI;Italien;der Europäischen Konservativen und Reformer;nicola.procaccini@europarl.europa.eu
;;Jacek;PROTAS;Polen;der Europäischen Volkspartei (Christdemokraten);jacek.protas@europarl.europa.eu
;;Friedrich;PÜRNER;Deutschland;Fraktionslos;friedrich.purner@europarl.europa.eu
;;Emil;RADEV;Bulgarien;der Europäischen Volkspartei (Christdemokraten);emil.radev@europarl.europa.eu
;;Dennis;RADTKE;Deutschland;der Europäischen Volkspartei (Christdemokraten);dennis.radtke@europarl.europa.eu
;;Emma;RAFOWICZ;Frankreich;der Progressiven Allianz der Sozialdemokraten im Europäischen Parlament;emma.rafowicz@europarl.europa.eu
;;Jüri;RATAS;Estland;der Europäischen Volkspartei (Christdemokraten);juri.ratas@europarl.europa.eu
;;Ruggero;RAZZA;Italien;der Europäischen Konservativen und Reformer;ruggero.razza@europarl.europa.eu
;;Julie;RECHAGNEUX;Frankreich;Patrioten für Europa;julie.rechagneux@europarl.europa.eu
;;Evelyn;REGNER;Österreich;der Progressiven Allianz der Sozialdemokraten im Europäischen Parlament;evelyn.regner@europarl.europa.eu
;;Terry;REINTKE;Deutschland;der Grünen / Freie Europäische Allianz;terry.reintke@europarl.europa.eu
;;René;REPASI;Deutschland;der Progressiven Allianz der Sozialdemokraten im Europäischen Parlament;rene.repasi@europarl.europa.eu
;;Sabrina;REPP;Deutschland;der Progressiven Allianz der Sozialdemokraten im Europäischen Parlament;sabrina.repp@europarl.europa.eu
;;Karlo;RESSLER;Kroatien;der Europäischen Volkspartei (Christdemokraten);karlo.ressler@europarl.europa.eu
;;Thijs;REUTEN;Niederlande;der Progressiven Allianz der Sozialdemokraten im Europäischen Parlament;thijs.reuten@europarl.europa.eu
;;Diana;RIBA I GINER;Spanien;der Grünen / Freie Europäische Allianz;diana.ribaiginer@europarl.europa.eu
;;Matteo;RICCI;Italien;der Progressiven Allianz der Sozialdemokraten im Europäischen Parlament;matteo.ricci@europarl.europa.eu
;;Chloé;RIDEL;Frankreich;der Progressiven Allianz der Sozialdemokraten im Europäischen Parlament;chloe.ridel@europarl.europa.eu
;;Nela;RIEHL;Deutschland;der Grünen / Freie Europäische Allianz;nela.riehl@europarl.europa.eu
;;Manuela;RIPA;Deutschland;der Europäischen Volkspartei (Christdemokraten);manuela.ripa@europarl.europa.eu
;;André;RODRIGUES;Portugal;der Progressiven Allianz der Sozialdemokraten im Europäischen Parlament;andre.rodrigues@europarl.europa.eu
;;Marcos;ROS SEMPERE;Spanien;der Progressiven Allianz der Sozialdemokraten im Europäischen Parlament;marcos.rossempere@europarl.europa.eu
;;Katarína;ROTH NEVEĎALOVÁ;Slowakei;Fraktionslos;katarina.rothnevedalova@europarl.europa.eu
;;André;ROUGÉ;Frankreich;Patrioten für Europa;andre.rouge@europarl.europa.eu
;;Bert-Jan;RUISSEN;Niederlande;der Europäischen Konservativen und Reformer;bert-jan.ruissen@europarl.europa.eu
;;Sandro;RUOTOLO;Italien;der Progressiven Allianz der Sozialdemokraten im Europäischen Parlament;sandro.ruotolo@europarl.europa.eu
;;Bogdan;RZOŃCA;Polen;der Europäischen Konservativen und Reformer;bogdan.rzonca@europarl.europa.eu
;;Arash;SAEIDI;Frankreich;Die Linke im Europäischen Parlament - GUE/NGL;arash.saeidi@europarl.europa.eu
;;Massimiliano;SALINI;Italien;der Europäischen Volkspartei (Christdemokraten);massimiliano.salini@europarl.europa.eu
;;Ilaria;SALIS;Italien;Die Linke im Europäischen Parlament - GUE/NGL;ilaria.salis@europarl.europa.eu
;;Aura;SALLA;Finnland;der Europäischen Volkspartei (Christdemokraten);aura.salla@europarl.europa.eu
;;Nacho;SÁNCHEZ AMOR;Spanien;der Progressiven Allianz der Sozialdemokraten im Europäischen Parlament;nacho.sanchezamor@europarl.europa.eu
;;Julien;SANCHEZ;Frankreich;Patrioten für Europa;julien.sanchez@europarl.europa.eu
;;Elena;SANCHO MURILLO;Spanien;der Progressiven Allianz der Sozialdemokraten im Europäischen Parlament;elena.sanchomurillo@europarl.europa.eu
;;Jussi;SARAMO;Finnland;Die Linke im Europäischen Parlament - GUE/NGL;jussi.saramo@europarl.europa.eu
;;Silvia;SARDONE;Italien;Patrioten für Europa;silvia.sardone@europarl.europa.eu
;;Marjan;ŠAREC;Slowenien;Renew Europe;marjan.sarec@europarl.europa.eu
;;Eric;SARGIACOMO;Frankreich;der Progressiven Allianz der Sozialdemokraten im Europäischen Parlament;eric.sargiacomo@europarl.europa.eu
;;Mounir;SATOURI;Frankreich;der Grünen / Freie Europäische Allianz;mounir.satouri@europarl.europa.eu
;;Paulius;SAUDARGAS;Litauen;der Europäischen Volkspartei (Christdemokraten);paulius.saudargas@europarl.europa.eu
;;Majdouline;SBAI;Frankreich;der Grünen / Freie Europäische Allianz;majdouline.sbai@europarl.europa.eu
;;Antonella;SBERNA;Italien;der Europäischen Konservativen und Reformer;antonella.sberna@europarl.europa.eu
;;Christel;SCHALDEMOSE;Dänemark;der Progressiven Allianz der Sozialdemokraten im Europäischen Parlament;christel.schaldemose@europarl.europa.eu
;;Ernő;SCHALLER-BAROSS;Ungarn;Patrioten für Europa;erno.schallerbaross@europarl.europa.eu
;;Oliver;SCHENK;Deutschland;der Europäischen Volkspartei (Christdemokraten);oliver.schenk@europarl.europa.eu
;;Joanna;SCHEURING-WIELGUS;Polen;der Progressiven Allianz der Sozialdemokraten im Europäischen Parlament;joanna.scheuringwielgus@europarl.europa.eu
;;Andreas;SCHIEDER;Österreich;der Progressiven Allianz der Sozialdemokraten im Europäischen Parlament;andreas.schieder@europarl.europa.eu
;;Lena;SCHILLING;Österreich;der Grünen / Freie Europäische Allianz;lena.schilling@europarl.europa.eu
;;Martin;SCHIRDEWAN;Deutschland;Die Linke im Europäischen Parlament - GUE/NGL;martin.schirdewan@europarl.europa.eu
;;Christine;SCHNEIDER;Deutschland;der Europäischen Volkspartei (Christdemokraten);christine.schneider@europarl.europa.eu
;;Volker;SCHNURRBUSCH;Deutschland;Europa der Souveränen Nationen;volker.schnurrbusch@europarl.europa.eu
;;Andreas;SCHWAB;Deutschland;der Europäischen Volkspartei (Christdemokraten);andreas.schwab@europarl.europa.eu
;;Benedetta;SCUDERI;Italien;der Grünen / Freie Europäische Allianz;benedetta.scuderi@europarl.europa.eu
;;Ralf;SEEKATZ;Deutschland;der Europäischen Volkspartei (Christdemokraten);ralf.seekatz@europarl.europa.eu
;;Alexander;SELL;Deutschland;Europa der Souveränen Nationen;alexander.sell@europarl.europa.eu
;;Rosa;SERRANO SIERRA;Spanien;der Progressiven Allianz der Sozialdemokraten im Europäischen Parlament;rosa.serranosierra@europarl.europa.eu
;;Isabel;SERRA SÁNCHEZ;Spanien;Die Linke im Europäischen Parlament - GUE/NGL;isabel.serrasanchez@europarl.europa.eu
;;Günther;SIDL;Österreich;der Progressiven Allianz der Sozialdemokraten im Europäischen Parlament;gunther.sidl@europarl.europa.eu
;;Bartłomiej;SIENKIEWICZ;Polen;der Europäischen Volkspartei (Christdemokraten);bartlomiej.sienkiewicz@europarl.europa.eu
;;Lukas;SIEPER;Deutschland;Fraktionslos;lukas.sieper@europarl.europa.eu
;;Sven;SIMON;Deutschland;der Europäischen Volkspartei (Christdemokraten);sven.simon@europarl.europa.eu
;;Christine;SINGER;Deutschland;Renew Europe;christine.singer@europarl.europa.eu
;;Virginijus;SINKEVIČIUS;Litauen;der Grünen / Freie Europäische Allianz;virginijus.sinkevicius@europarl.europa.eu
;;Birgit;SIPPEL;Deutschland;der Progressiven Allianz der Sozialdemokraten im Europäischen Parlament;birgit.sippel@europarl.europa.eu
;;Jonas;SJÖSTEDT;Schweden;Die Linke im Europäischen Parlament - GUE/NGL;jonas.sjostedt@europarl.europa.eu
;;Krzysztof;ŚMISZEK;Polen;der Progressiven Allianz der Sozialdemokraten im Europäischen Parlament;krzysztof.smiszek@europarl.europa.eu
;;Anthony;SMITH;Frankreich;Die Linke im Europäischen Parlament - GUE/NGL;anthony.smith@europarl.europa.eu
;;Sander;SMIT;Niederlande;der Europäischen Volkspartei (Christdemokraten);sander.smit@europarl.europa.eu
;;Tomislav;SOKOL;Kroatien;der Europäischen Volkspartei (Christdemokraten);tomislav.sokol@europarl.europa.eu
;;Diego;SOLIER;Spanien;der Europäischen Konservativen und Reformer;diego.solier@europarl.europa.eu
;;Susana;SOLÍS PÉREZ;Spanien;der Europäischen Volkspartei (Christdemokraten);susana.solisperez@europarl.europa.eu
;;Liesbet;SOMMEN;Belgien;der Europäischen Volkspartei (Christdemokraten);liesbet.sommen@europarl.europa.eu
;;Martin;SONNEBORN;Deutschland;Fraktionslos;martin.sonneborn@europarl.europa.eu
;;Malika;SOREL;Frankreich;Fraktionslos;malika.sorel@europarl.europa.eu
;;Hélder;SOUSA SILVA;Portugal;der Europäischen Volkspartei (Christdemokraten);helder.sousasilva@europarl.europa.eu
;;Villy;SØVNDAL;Dänemark;der Grünen / Freie Europäische Allianz;villy.sovndal@europarl.europa.eu
;;Marco;SQUARTA;Italien;der Europäischen Konservativen und Reformer;marco.squarta@europarl.europa.eu
;;Mārtiņš;STAĶIS;Lettland;der Grünen / Freie Europäische Allianz;martins.stakis@europarl.europa.eu
;;Raffaele;STANCANELLI;Italien;Patrioten für Europa;raffaele.stancanelli@europarl.europa.eu
;;Antonín;STANĚK;Tschechien;Patrioten für Europa;antonin.stanek@europarl.europa.eu
;;Nicolae;ȘTEFĂNUȚĂ;Rumänien;der Grünen / Freie Europäische Allianz;nicolae.stefanuta@europarl.europa.eu
;;Petra;STEGER;Österreich;Patrioten für Europa;petra.steger@europarl.europa.eu
;;Davor Ivo;STIER;Kroatien;der Europäischen Volkspartei (Christdemokraten);davorivo.stier@europarl.europa.eu
;;Kristoffer;STORM;Dänemark;der Europäischen Konservativen und Reformer;kristoffer.storm@europarl.europa.eu
;;Stanislav;STOYANOV;Bulgarien;Europa der Souveränen Nationen;stanislav.stoyanov@europarl.europa.eu
;;Marie-Agnes;STRACK-ZIMMERMANN;Deutschland;Renew Europe;marie-agnes.strackzimmermann@europarl.europa.eu
;;Cecilia;STRADA;Italien;der Progressiven Allianz der Sozialdemokraten im Europäischen Parlament;cecilia.strada@europarl.europa.eu
;;Joachim;STREIT;Deutschland;Renew Europe;joachim.streit@europarl.europa.eu
;;Tineke;STRIK;Niederlande;der Grünen / Freie Europäische Allianz;tineke.strik@europarl.europa.eu
;;Anna;STROLENBERG;Niederlande;der Grünen / Freie Europäische Allianz;anna.strolenberg@europarl.europa.eu
;;Şerban Dimitrie;STURDZA;Rumänien;der Europäischen Konservativen und Reformer;serbandimitrie.sturdza@europarl.europa.eu
;;Anna;STÜRGKH;Österreich;Renew Europe;anna.sturgkh@europarl.europa.eu
;;Marcin;SYPNIEWSKI;Polen;Europa der Souveränen Nationen;marcin.sypniewski@europarl.europa.eu
;;Michał;SZCZERBA;Polen;der Europäischen Volkspartei (Christdemokraten);michal.szczerba@europarl.europa.eu
;;Pál;SZEKERES;Ungarn;Patrioten für Europa;pal.szekeres@europarl.europa.eu
;;Beata;SZYDŁO;Polen;der Europäischen Konservativen und Reformer;beata.szydlo@europarl.europa.eu
;;Dario;TAMBURRANO;Italien;Die Linke im Europäischen Parlament - GUE/NGL;dario.tamburrano@europarl.europa.eu
;;António;TÂNGER CORRÊA;Portugal;Patrioten für Europa;antonio.tangercorrea@europarl.europa.eu
;;Dominik;TARCZYŃSKI;Polen;der Europäischen Konservativen und Reformer;dominik.tarczynski@europarl.europa.eu
;;Marco;TARQUINIO;Italien;der Progressiven Allianz der Sozialdemokraten im Europäischen Parlament;marco.tarquinio@europarl.europa.eu
;;Zoltán;TARR;Ungarn;der Europäischen Volkspartei (Christdemokraten);zoltan.tarr@europarl.europa.eu
;;Claudiu-Richard;TÂRZIU;Rumänien;der Europäischen Konservativen und Reformer;claudiu-richard.tarziu@europarl.europa.eu
;;Carla;TAVARES;Portugal;der Progressiven Allianz der Sozialdemokraten im Europäischen Parlament;carla.tavares@europarl.europa.eu
;;Kai;TEGETHOFF;Deutschland;der Grünen / Freie Europäische Allianz;kai.tegethoff@europarl.europa.eu
;;Marta;TEMIDO;Portugal;der Progressiven Allianz der Sozialdemokraten im Europäischen Parlament;marta.temido@europarl.europa.eu
;;Georgiana;TEODORESCU;Rumänien;der Europäischen Konservativen und Reformer;georgiana.teodorescu@europarl.europa.eu
;;Alice;TEODORESCU MÅWE;Schweden;der Europäischen Volkspartei (Christdemokraten);alice.teodorescumawe@europarl.europa.eu
;;Cristian;TERHEŞ;Rumänien;der Europäischen Konservativen und Reformer;cristian.terhes@europarl.europa.eu
;;Ingeborg;TER LAAK;Niederlande;der Europäischen Volkspartei (Christdemokraten);ingeborg.terlaak@europarl.europa.eu
;;Riho;TERRAS;Estland;der Europäischen Volkspartei (Christdemokraten);riho.terras@europarl.europa.eu
;;Hermann;TERTSCH;Spanien;Patrioten für Europa;hermann.tertsch@europarl.europa.eu
;;Pierre-Romain;THIONNET;Frankreich;Patrioten für Europa;pierre-romain.thionnet@europarl.europa.eu
;;Beatrice;TIMGREN;Schweden;der Europäischen Konservativen und Reformer;beatrice.timgren@europarl.europa.eu
;;Irene;TINAGLI;Italien;der Progressiven Allianz der Sozialdemokraten im Europäischen Parlament;irene.tinagli@europarl.europa.eu
;;Bruno;TOBBACK;Belgien;der Progressiven Allianz der Sozialdemokraten im Europäischen Parlament;bruno.tobback@europarl.europa.eu
;;Tomas;TOBÉ;Schweden;der Europäischen Volkspartei (Christdemokraten);tomas.tobe@europarl.europa.eu
;;Rody;TOLASSY;Frankreich;Patrioten für Europa;rody.tolassy@europarl.europa.eu
;;Eugen;TOMAC;Rumänien;Renew Europe;eugen.tomac@europarl.europa.eu
;;Zala;TOMAŠIČ;Slowenien;der Europäischen Volkspartei (Christdemokraten);zala.tomasic@europarl.europa.eu
;;Waldemar;TOMASZEWSKI;Litauen;der Europäischen Konservativen und Reformer;waldemar.tomaszewski@europarl.europa.eu
;;Romana;TOMC;Slowenien;der Europäischen Volkspartei (Christdemokraten);romana.tomc@europarl.europa.eu
;;Matej;TONIN;Slowenien;der Europäischen Volkspartei (Christdemokraten);matej.tonin@europarl.europa.eu
;;Jana;TOOM;Estland;Renew Europe;jana.toom@europarl.europa.eu
;;Raffaele;TOPO;Italien;der Progressiven Allianz der Sozialdemokraten im Europäischen Parlament;raffaele.topo@europarl.europa.eu
;;Francesco;TORSELLI;Italien;der Europäischen Konservativen und Reformer;francesco.torselli@europarl.europa.eu
;;Flavio;TOSI;Italien;der Europäischen Volkspartei (Christdemokraten);flavio.tosi@europarl.europa.eu
;;Marie;TOUSSAINT;Frankreich;der Grünen / Freie Europäische Allianz;marie.toussaint@europarl.europa.eu
;;Isabella;TOVAGLIERI;Italien;Patrioten für Europa;isabella.tovaglieri@europarl.europa.eu
;;Pekka;TOVERI;Finnland;der Europäischen Volkspartei (Christdemokraten);pekka.toveri@europarl.europa.eu
;;Pasquale;TRIDICO;Italien;Die Linke im Europäischen Parlament - GUE/NGL;pasquale.tridico@europarl.europa.eu
;;Laurence;TROCHU;Frankreich;der Europäischen Konservativen und Reformer;laurence.trochu@europarl.europa.eu
;;Dimitris;TSIODRAS;Griechenland;der Europäischen Volkspartei (Christdemokraten);dimitris.tsiodras@europarl.europa.eu
;;Mihai;TUDOSE;Rumänien;der Progressiven Allianz der Sozialdemokraten im Europäischen Parlament;mihai.tudose@europarl.europa.eu
;;Sebastian;TYNKKYNEN;Finnland;der Europäischen Konservativen und Reformer;sebastian.tynkkynen@europarl.europa.eu
;;Stanisław;TYSZKA;Polen;Europa der Souveränen Nationen;stanislaw.tyszka@europarl.europa.eu
;;Milan;UHRÍK;Slowakei;Europa der Souveränen Nationen;milan.uhrik@europarl.europa.eu
;;Nils;UŠAKOVS;Lettland;der Progressiven Allianz der Sozialdemokraten im Europäischen Parlament;nils.usakovs@europarl.europa.eu
;;Inese;VAIDERE;Lettland;der Europäischen Volkspartei (Christdemokraten);inese.vaidere@europarl.europa.eu
;;Ivaylo;VALCHEV;Bulgarien;der Europäischen Konservativen und Reformer;ivaylo.valchev@europarl.europa.eu
;;Adina;VĂLEAN;Rumänien;der Europäischen Volkspartei (Christdemokraten);adina.valean@europarl.europa.eu
;;Matthieu;VALET;Frankreich;Patrioten für Europa;matthieu.valet@europarl.europa.eu
;;Kathleen;VAN BREMPT;Belgien;der Progressiven Allianz der Sozialdemokraten im Europäischen Parlament;kathleen.vanbrempt@europarl.europa.eu
;;Anouk;VAN BRUG;Niederlande;Renew Europe;anouk.vanbrug@europarl.europa.eu
;;Brigitte;VAN DEN BERG;Niederlande;Renew Europe;brigitte.vandenberg@europarl.europa.eu
;;Tom;VANDENDRIESSCHE;Belgien;Patrioten für Europa;tom.vandendriessche@europarl.europa.eu
;;Kris;VAN DIJCK;Belgien;der Europäischen Konservativen und Reformer;kris.vandijck@europarl.europa.eu
;;Reinier;VAN LANSCHOT;Niederlande;der Grünen / Freie Europäische Allianz;reinier.vanlanschot@europarl.europa.eu
;;Jessika;VAN LEEUWEN;Niederlande;der Europäischen Volkspartei (Christdemokraten);jessika.vanleeuwen@europarl.europa.eu
;;Roberto;VANNACCI;Italien;Patrioten für Europa;roberto.vannacci@europarl.europa.eu
;;Johan;VAN OVERTVELDT;Belgien;der Europäischen Konservativen und Reformer;johan.vanovertveldt@europarl.europa.eu
;;Kim;VAN SPARRENTAK;Niederlande;der Grünen / Freie Europäische Allianz;kim.vansparrentak@europarl.europa.eu
;;Alexandre;VARAUT;Frankreich;Patrioten für Europa;alexandre.varaut@europarl.europa.eu
;;Ana;VASCONCELOS;Portugal;Renew Europe;ana.vasconcelos@europarl.europa.eu
;;Vlad;VASILE-VOICULESCU;Rumänien;Renew Europe;vlad.vasilevoiculescu@europarl.europa.eu
;;Hilde;VAUTMANS;Belgien;Renew Europe;hilde.vautmans@europarl.europa.eu
;;Francesco;VENTOLA;Italien;der Europäischen Konservativen und Reformer;francesco.ventola@europarl.europa.eu
;;Sabine;VERHEYEN;Deutschland;der Europäischen Volkspartei (Christdemokraten);sabine.verheyen@europarl.europa.eu
;;Yvan;VEROUGSTRAETE;Belgien;Renew Europe;yvan.verougstraete@europarl.europa.eu
;;Aurelijus;VERYGA;Litauen;der Europäischen Konservativen und Reformer;aurelijus.veryga@europarl.europa.eu
;;Marko;VEŠLIGAJ;Kroatien;der Progressiven Allianz der Sozialdemokraten im Europäischen Parlament;marko.vesligaj@europarl.europa.eu
;;Annamária;VICSEK;Ungarn;Patrioten für Europa;annamaria.vicsek@europarl.europa.eu
;;Catarina;VIEIRA;Niederlande;der Grünen / Freie Europäische Allianz;catarina.vieira@europarl.europa.eu
;;Kristian;VIGENIN;Bulgarien;der Progressiven Allianz der Sozialdemokraten im Europäischen Parlament;kristian.vigenin@europarl.europa.eu
;;Harald;VILIMSKY;Österreich;Patrioten für Europa;harald.vilimsky@europarl.europa.eu
;;Loránt;VINCZE;Rumänien;der Europäischen Volkspartei (Christdemokraten);lorant.vincze@europarl.europa.eu
;;Marianne;VIND;Dänemark;der Progressiven Allianz der Sozialdemokraten im Europäischen Parlament;marianne.vind@europarl.europa.eu
;;Anders;VISTISEN;Dänemark;Patrioten für Europa;anders.vistisen@europarl.europa.eu
;;Mariateresa;VIVALDINI;Italien;der Europäischen Konservativen und Reformer;mariateresa.vivaldini@europarl.europa.eu
;;Petar;VOLGIN;Bulgarien;Europa der Souveränen Nationen;petar.volgin@europarl.europa.eu
;;Michael;VON DER SCHULENBURG;Deutschland;Fraktionslos;michael.vonderschulenburg@europarl.europa.eu
;;Alexandr;VONDRA;Tschechien;der Europäischen Konservativen und Reformer;alexandr.vondra@europarl.europa.eu
;;Axel;VOSS;Deutschland;der Europäischen Volkspartei (Christdemokraten);axel.voss@europarl.europa.eu
;;Elissavet;VOZEMBERG-VRIONIDI;Griechenland;der Europäischen Volkspartei (Christdemokraten);elissavet.vozembergvrionidi@europarl.europa.eu
;;Veronika;VRECIONOVÁ;Tschechien;der Europäischen Konservativen und Reformer;veronika.vrecionova@europarl.europa.eu
;;Adrián;VÁZQUEZ LÁZARA;Spanien;der Europäischen Volkspartei (Christdemokraten);adrian.vazquezlazara@europarl.europa.eu
;;Thomas;WAITZ;Österreich;der Grünen / Freie Europäische Allianz;thomas.waitz@europarl.europa.eu
;;Maria;WALSH;Irland;der Europäischen Volkspartei (Christdemokraten);maria.walsh@europarl.europa.eu
;;Marion;WALSMANN;Deutschland;der Europäischen Volkspartei (Christdemokraten);marion.walsmann@europarl.europa.eu
;;Jörgen;WARBORN;Schweden;der Europäischen Volkspartei (Christdemokraten);jorgen.warborn@europarl.europa.eu
;;Jan-Peter;WARNKE;Deutschland;Fraktionslos;jan-peter.warnke@europarl.europa.eu
;;Maciej;WĄSIK;Polen;der Europäischen Konservativen und Reformer;maciej.wasik@europarl.europa.eu
;;Michał;WAWRYKIEWICZ;Polen;der Europäischen Volkspartei (Christdemokraten);michal.wawrykiewicz@europarl.europa.eu
;;Marta;WCISŁO;Polen;der Europäischen Volkspartei (Christdemokraten);marta.wcislo@europarl.europa.eu
;;Manfred;WEBER;Deutschland;der Europäischen Volkspartei (Christdemokraten);manfred.weber@europarl.europa.eu
;;Andrea;WECHSLER;Deutschland;der Europäischen Volkspartei (Christdemokraten);andrea.wechsler@europarl.europa.eu
;;Charlie;WEIMERS;Schweden;der Europäischen Konservativen und Reformer;charlie.weimers@europarl.europa.eu
;;Séverine;WERBROUCK;Frankreich;Patrioten für Europa;severine.werbrouck@europarl.europa.eu
;;Emma;WIESNER;Schweden;Renew Europe;emma.wiesner@europarl.europa.eu
;;Michal;WIEZIK;Slowakei;Renew Europe;michal.wiezik@europarl.europa.eu
;;Sophie;WILMÈS;Belgien;Renew Europe;sophie.wilmes@europarl.europa.eu
;;Iuliu;WINKLER;Rumänien;der Europäischen Volkspartei (Christdemokraten);iuliu.winkler@europarl.europa.eu
;;Angelika;WINZIG;Österreich;der Europäischen Volkspartei (Christdemokraten);angelika.winzig@europarl.europa.eu
;;Isabel;WISELER-LIMA;Luxemburg;der Europäischen Volkspartei (Christdemokraten);isabel.wiselerlima@europarl.europa.eu
;;Jadwiga;WIŚNIEWSKA;Polen;der Europäischen Konservativen und Reformer;jadwiga.wisniewska@europarl.europa.eu
;;Tiemo;WÖLKEN;Deutschland;der Progressiven Allianz der Sozialdemokraten im Europäischen Parlament;tiemo.wolken@europarl.europa.eu
;;Lara;WOLTERS;Niederlande;der Progressiven Allianz der Sozialdemokraten im Europäischen Parlament;lara.wolters@europarl.europa.eu
;;Lucia;YAR;Slowakei;Renew Europe;lucia.yar@europarl.europa.eu
;;Stéphanie;YON-COURTIN;Frankreich;Renew Europe;stephanie.yoncourtin@europarl.europa.eu
;;Elena;YONCHEVA;Bulgarien;Fraktionslos;elena.yoncheva@europarl.europa.eu
;;Maria;ZACHARIA;Griechenland;Fraktionslos;maria.zacharia@europarl.europa.eu
;;Ewa;ZAJĄCZKOWSKA-HERNIK;Polen;Europa der Souveränen Nationen;ewa.zajaczkowskahernik@europarl.europa.eu
;;Anna;ZALEWSKA;Polen;der Europäischen Konservativen und Reformer;anna.zalewska@europarl.europa.eu
;;Dainius;ŽALIMAS;Litauen;Renew Europe;dainius.zalimas@europarl.europa.eu
;;Alessandro;ZAN;Italien;der Progressiven Allianz der Sozialdemokraten im Europäischen Parlament;alessandro.zan@europarl.europa.eu
;;Javier;ZARZALEJOS;Spanien;der Europäischen Volkspartei (Christdemokraten);javier.zarzalejos@europarl.europa.eu
;;Tomáš;ZDECHOVSKÝ;Tschechien;der Europäischen Volkspartei (Christdemokraten);tomas.zdechovsky@europarl.europa.eu
;;Bogdan Andrzej;ZDROJEWSKI;Polen;der Europäischen Volkspartei (Christdemokraten);bogdanandrzej.zdrojewski@europarl.europa.eu
;;Auke;ZIJLSTRA;Niederlande;Patrioten für Europa;auke.zijlstra@europarl.europa.eu
;;Roberts;ZĪLE;Lettland;der Europäischen Konservativen und Reformer;roberts.zile@europarl.europa.eu
;;Nicola;ZINGARETTI;Italien;der Progressiven Allianz der Sozialdemokraten im Europäischen Parlament;nicola.zingaretti@europarl.europa.eu
;;Kosma;ZŁOTOWSKI;Polen;der Europäischen Konservativen und Reformer;kosma.zlotowski@europarl.europa.eu
;;Juan Ignacio;ZOIDO ÁLVAREZ;Spanien;der Europäischen Volkspartei (Christdemokraten);juanignacio.zoidoalvarez@europarl.europa.eu
;;Željana;ZOVKO;Kroatien;der Europäischen Volkspartei (Christdemokraten);zeljana.zovko@europarl.europa.eu
;;Milan;ZVER;Slowenien;der Europäischen Volkspartei (Christdemokraten);milan.zver@europarl.europa.eu